,artistName,total_listens,genres
8244,The Beatles,1273,classic rock
4677,Kendrick Lamar,984,west coast rap
8049,Tame Impala,861,neo-psychedelic
3443,Grateful Dead,793,country rock
652,Beach House,737,freak folk
9683,Whitney,719,indie pop
9388,Twin Peaks,656,indie garage rock
5251,Mac Miller,655,rap
4856,Lake Street Dive,616,new americana
1378,Car Seat Headrest,611,indie rock
4606,Kanye West,518,chicago rap
9472,Vampire Weekend,472,indie pop
990,Bob Dylan,467,folk rock
9703,Wilco,376,rock
2848,Father John Misty,369,rock
65,A Tribe Called Quest,364,gangster rap
1520,Chance the Rapper,345,conscious hip hop
9534,Vulfpeck,333,instrumental funk
2170,Delicate Steve,324,new jersey indie
5247,Mac DeMarco,320,edmonton indie
215,Allah-Las,295,indie surf
4261,Joey Bada$$,291,underground hip hop
2485,Drugdealer,288,psychedelic pop
6905,Real Estate,288,chillwave
6628,Post Animal,276,indie garage rock
3856,J. Cole,275,hip hop
8017,TV Girl,265,indietronica
9449,Unknown Mortal Orchestra,260,new rave
8137,Tennis,249,denver indie
382,Arcade Fire,246,indietronica
1314,Cage The Elephant,240,punk blues
8852,The Shins,238,albuquerque indie
8923,The Strokes,222,alternative rock
1301,CHANCE THE RAPPER,214,chicago rap
9202,Tom Misch,212,indie soul
4831,LCD Soundsystem,198,modern rock
8748,The National,198,modern rock
3054,Foxygen,192,noise pop
2420,Dr. Dog,190,garage rock
5572,Mick Jenkins,186,hip hop
3062,Frank Ocean,178,alternative r&b
166,Alabama Shakes,178,rock
2122,Death Cab for Cutie,176,indie pop
5238,MGMT,168,rock
9012,The Walters,168,indie pop
1587,Chicano Batman,163,la indie
9115,Theo Katzman,160,retro soul
7725,St. Paul & The Broken Bones,159,soul
0,(Sandy) Alex G,157,alternative rock
4110,Jeff Rosenstock,153,anti-folk
7692,Spin Doctors,147,post-grunge
7887,Sufjan Stevens,146,singer-songwriter
8972,The Velvet Underground,142,art rock
9568,Wallows,139,rock
8119,Temples,138,neo-psychedelic
4269,Johann Sebastian Bach,136,classical
7222,Saba,133,rap
10042,boy pablo,132,indie pop
4934,Leon Bridges,131,soul
7893,Summer Salt,130,indie garage rock
83,A$AP Rocky,126,east coast hip hop
6280,OutKast,125,dirty south rap
511,BROCKHAMPTON,123,rap
8229,The Band,121,mellow gold
5929,Nas,121,gangster rap
8324,The California Honeydrops,121,deep new americana
6085,Night Moves,117,indie rock
6895,Ray Charles,116,soul blues
9536,Vundabar,114,indie garage rock
847,Billy Bragg,107,traditional folk
5516,Men I Trust,106,indie pop
4204,Jimi Hendrix,105,album rock
4071,Jay Som,104,dream pop
8773,The Notorious B.I.G.,104,rap
6561,Pinegrove,102,indie folk
6572,Pink Floyd,99,symphonic rock
9679,White Reaper,98,modern power pop
3384,Gorillaz,97,art pop
8526,The Head and the Heart,96,new americana
5736,Moon Taxi,94,stomp and holler
6116,Noname,93,escape room
6955,Rex Orange County,93,pop
4813,Kweku Collins,92,underground hip hop
6180,Okey Dokey,92,indie garage rock
6424,Peach Pit,90,indie pop
7074,Rolling Blackouts Coastal Fever,88,australian garage punk
9341,Trampled by Turtles,87,stomp and holler
6598,Pond,87,indie rock
2448,Drake,86,canadian pop
5645,Mild High Club,84,indie garage rock
3902,Jack Johnson,81,neo mellow
8830,The Rolling Stones,79,album rock
2355,Djo,77,psychedelic pop
4566,KIDS SEE GHOSTS,76,underground hip hop
6014,Neutral Milk Hotel,73,alternative rock
9886,Yo La Tengo,72,freak folk
8607,The Lemon Twigs,72,psychedelic pop
6733,Q-Tip,70,queens hip hop
3666,Hers,70,indie pop
1792,Counting Crows,70,pop rock
6824,Radiohead,68,rock
6168,Of Monsters And Men,68,stomp and holler
8389,The Decemberists,66,indie rock
1233,Brother Ali,66,minnesota hip hop
2802,FKJ,64,filter house
6726,Pusha T,61,trap
2600,Electric Guest,61,indie rock
1919,DAngelo,61,soul
2318,Disclosure,59,house
9277,Toro Y Moi,59,alternative dance
8796,The Postal Service,59,indie pop
4725,Kid Cudi,58,rap
10110,together PANGEA,56,indie punk
5128,Louis Armstrong,56,vocal jazz
4263,Joey Dosik,50,retro soul
7249,Sam Evian,50,neo-psychedelic
294,Anderson .Paak,50,escape room
8485,The Flaming Lips,49,okc indie
4100,Jazz Spastiks,48,chillhop
4062,Jay Rock,47,pop rap
102,Acid Dad,46,neo-psychedelic
1868,Crumb,45,indie garage rock
3067,Frank Sinatra,44,adult standards
108,Action Bronson,44,rap
3254,Generationals,43,alternative dance
3676,Hiatus Kaiyote,43,shiver pop
4719,Khruangbin,41,neo-psychedelic
6593,Polo & Pan,41,dark disco
7869,Sturgill Simpson,41,roots rock
2692,Eminem,40,rap
3734,Houndmouth,39,indie pop
5822,Mt. Joy,39,stomp and holler
5248,Mac Demarco,39,edmonton indie
9928,Young Thug,38,atl trap
493,BADBADNOTGOOD,38,escape room
6392,Paul McCartney,38,folk rock
4915,Lawrence,38,modern funk
7242,Sam Cooke,38,soul
776,Big Sean,37,southern hip hop
8254,The Beta Band,37,scottish indie
7853,Still Woozy,37,bedroom pop
5653,Miles Davis,36,jazz trumpet
8520,The Growlers,36,indie garage rock
4344,John Lennon,35,art rock
520,Babe Rainbow,35,indie garage rock
8744,The Murlocs,35,indie garage rock
9358,Trombone Shorty,35,modern funk
6755,R.E.M.,35,alternative rock
9345,Travis Scott,35,rap
8634,The Lumineers,34,folk-pop
5373,Marvin Gaye,34,classic soul
8637,The Macpodz,34,michigan indie
7696,Spiritualized,33,art rock
1786,Cotton Jones,33,indie rock
3851,J Dilla,33,hip hop
7573,Snarky Puppy,33,contemporary jazz
5132,Louis The Child,33,pop
6038,Niccolò Paganini,33,early romantic era
9406,Ty Segall,32,freak folk
3506,Grizzly Bear,32,new rave
4559,KAYTRANADA,32,lgbtq+ hip hop
9422,"Tyler, The Creator",32,hip hop
6069,Nicki Minaj,32,dance pop
5169,Ludwig van Beethoven,31,classical
2022,Daniel Caesar,31,canadian contemporary r&b
7749,Steely Dan,31,country rock
1990,DRAM,30,trap
2985,Flume,29,australian dance
9477,Van Morrison,29,folk rock
7880,Sublime,29,reggae fusion
5093,Logic,28,rap
598,Banes World,28,indie garage rock
6534,Phoebe Bridgers,28,indie folk
3296,Gibbz,28,indie poptimism
4918,Led Zeppelin,28,album rock
3088,Frankie Cosmos,28,indie rock
8177,The Allman Brothers Band,27,rock
9521,Vince Staples,27,underground hip hop
8557,The Impressions,27,motown
2955,Fleet Foxes,27,stomp and holler
5900,NRBQ,27,pub rock
3571,H.E.R.,26,r&b
4803,Kurt Vile,26,alternative rock
9677,White Noise Therapy,26,sleep
6419,Pavement,26,new wave
6106,No Vacation,26,indie garage rock
6296,PHONY PPL,26,alternative r&b
7593,Soccer Mommy,26,art pop
3975,James Taylor,25,folk
8040,Talking Heads,25,art rock
3989,Jamie xx,25,electronica
1381,Cardi B,25,pop rap
9870,Yellow Days,24,bedroom pop
785,Big Thief,23,indie pop
3347,GoldLink,23,dmv rap
9994,Zac Brown Band,23,modern country rock
2550,Earl Sweatshirt,23,experimental hip hop
6169,Of Monsters and Men,23,folk-pop
8578,The Killers,23,modern rock
6257,Otis Redding,23,classic soul
6630,Post Malone,23,dfw rap
4875,Langhorne Slim,22,stomp and holler
634,Beach Fossils,22,chillwave
6081,Nico,22,post-punk
1525,Charles Bradley,22,soul
9633,Waylon Jennings,22,country
3269,George Harrison,22,folk rock
9014,The War On Drugs,22,indie rock
3201,Galantis,21,electro house
255,Alvvays,21,toronto indie
4959,Lightnin Hopkins,20,blues
6147,OMI,20,tropical house
5145,Loving,20,experimental pop
1732,Coldplay,20,pop
3788,Innanet James,20,dmv rap
2058,Dave Matthews Band,20,pop rock
9073,The Zombies,19,rock
5088,Local Natives,19,vapor soul
736,Beyoncé,19,dance pop
4118,Jeff Tweedy,19,chamber pop
3161,Future,19,atl hip hop
27,21 Savage,19,trap
2020,Danger Doom,19,alternative hip hop
1586,Chicago Mass Choir,19,praise
2334,Divino Niño,18,indie garage rock
9132,Thundercat,18,afrofuturism
5718,Modest Mouse,18,washington indie
5187,LunchMoney Lewis,18,miami hip hop
434,Armin van Buuren,18,trance
7370,Sharon Van Etten,17,indie folk
7821,Steve Lacy,17,rap
1004,Bob Marley & The Wailers,17,reggae
730,Better Oblivion Community Center,17,art pop
6858,Ramin Djawadi,17,german soundtrack
2164,Dehd,17,indie rock
8346,The Clash,16,rock
5198,Lynyrd Skynyrd,16,hard rock
4971,Lil Dicky,16,rap
2717,Eric Clapton,16,album rock
1307,Caamp,16,new americana
8776,The OMys,16,alternative r&b
3329,Gladys Knight & The Pips,16,funk
8575,The Jungle Giants,16,australian indie
1010,Bobby Hebb,16,motown
5943,Natural Child,16,freak folk
3833,Isaiah Rashad,16,hip hop
1047,Bombay Bicycle Club,16,new rave
4027,Japanese Breakfast,16,philly indie
1670,Clarence Carter,15,soul
1594,Childish Gambino,15,pop rap
7716,Spoon,15,modern rock
5209,M83,15,french shoegaze
7846,Stevie Wonder,15,motown
9332,Trampled By Turtles,15,stomp and holler
4705,Kevin Morby,15,soul
1334,Calvin Harris,15,uk dance
5411,Matoma,15,electro house
6400,Paul Simon,15,permanent wave
6097,Nina Simone,14,soul
7553,Smino,14,underground hip hop
288,Aminé,14,hip hop
2653,Elliott Smith,14,alternative rock
5484,Meek Mill,14,trap
6694,Punch Brothers,14,chamber pop
6529,Phish,14,blues rock
8585,The Kinks,14,dance rock
4456,Joyce Manor,14,indie punk
5225,MF DOOM,14,hip hop
9424,U2,14,irish rock
8779,The Omys,14,alternative r&b
6917,Rebelution,13,reggae rock
3626,Harry Styles,13,pop
2050,Daryl Hall & John Oates,13,mellow gold
856,Billy Joel,13,soft rock
923,Blind Pilot,13,indie pop
8573,The Isley Brothers,13,soul
1121,Boston,13,soft rock
3061,Francis and the Lights,13,alternative r&b
9137,Tierra Whack,13,escape room
5276,Maggie Rogers,13,pop
2304,Dirty Heads,13,reggae fusion
6342,Pangea,13,indie punk
8307,The Buttertones,13,indie surf
7306,ScHoolboy Q,12,gangster rap
9214,Tom Petty and the Heartbreakers,12,album rock
7185,SOB X RBE,12,cali rap
9529,Vista Kicks,12,indie pop
3545,Guster,12,indie pop
7384,Sheck Wes,12,vapor trap
9201,Together Pangea,12,indie punk
7999,TOPS,12,experimental pop
2786,Ezra Collective,12,indie soul
2155,Deerhunter,12,neo-psychedelic
319,Andy Shauf,12,deep new americana
5175,Luke Bryan,12,contemporary country
392,Architecture In Helsinki,12,new rave
1460,Cass McCombs,12,freak folk
8768,The North 41,12,funk rock
2354,Djembe Jones,12,baltimore indie
5392,Masego,12,alternative r&b
1180,Brittany Howard,12,neo soul
2227,Destroyer,11,slow core
7565,Snail Mail,11,indie pop
72,A$AP Ferg,11,hip hop
2568,Ed Sheeran,11,uk pop
5671,Minnie Riperton,11,quiet storm
4716,Khalid,11,alternative r&b
4757,King Gizzard & The Lizard Wizard,11,australian indie
2560,"Earth, Wind & Fire",11,disco
8408,The Dip,11,funk
9516,Vince Guaraldi Trio,11,jazz trio
7451,Skepta,11,grime
1969,DMX,11,east coast hip hop
2005,Daft Punk,11,electro
5340,Mark Ronson,11,dance pop
5001,Lil Wayne,11,trap
3134,Fruit Bats,11,chamber pop
1829,Creedence Clearwater Revival,11,album rock
9604,Washed Out,11,art pop
52,88-Keys,11,alternative hip hop
8420,The Districts,11,lancaster pa indie
4844,Labi Siffre,11,classic uk pop
4502,Julien Baker,11,indie folk
8567,The Internet,11,lgbtq+ hip hop
6105,Nirvana,11,rock
6125,Notorious B.I.G.,11,east coast hip hop
3563,Guy Clark,11,traditional folk
10015,Zedd,11,tropical house
3740,House Of Pain,11,gangster rap
1654,Clairo,11,pop
7009,Ripe,11,boston indie
4240,Joe Hertler & The Rainbow Seekers,11,michigan indie
1570,Chastity Belt,10,noise pop
2839,Fat Night,10,funk
943,Blood Orange,10,escape room
3515,Grouplove,10,modern rock
8320,The Byrds,10,soft rock
5592,Migos,10,atl hip hop
9563,Wale,10,urban contemporary
5189,Lupe Fiasco,10,conscious hip hop
2306,Dirty Projectors,10,art pop
2380,Donny Hathaway,10,vocal jazz
4097,Jazz Liberatorz,10,alternative hip hop
3704,Homeshake,10,indie garage rock
5186,Lunar Vacation,10,indie pop
578,Bahamas,10,canadian indie
5064,Lizzo,10,escape room
747,Bibio,10,indietronica
10082,moow,10,chillhop
7337,Shakey Graves,10,indie rock
3481,Greta Van Fleet,10,rock
9735,Willie Nelson,10,texas country
5698,Mitski,10,indie rock
8956,The Temptations,10,memphis soul
8411,The Dirty Dozen Brass Band,10,brass band
9822,YBN Cordae,9,dmv rap
5106,Lou Reed,9,permanent wave
7272,Santigold,9,indietronica
5046,Little Dragon,9,escape room
4761,King Krule,9,art pop
3361,Goldlink,9,hip hop
2751,Etta James,9,soul
4391,Johnny Cash,9,outlaw country
2239,Dexys Midnight Runners,9,dance rock
6374,Passion Pit,9,alternative dance
9047,The Wood Brothers,9,progressive bluegrass
4687,Kero One,9,jazz boom bap
352,Animal Collective,9,new rave
8516,The Greeting Committee,9,indie pop
9462,Vacations,9,indie garage rock
8510,The Georgia Mass Choir,9,praise
708,Berhana,9,indie r&b
161,Alabama,9,country road
326,Angel Olsen,9,art pop
159,Al Green,9,southern soul
5831,Mura Masa,9,channel islands indie
3543,Gus Dapperton,9,indie poptimism
7395,Shovels & Rope,9,south carolina indie
8259,The Black Keys,9,alternative rock
2923,Fiona Apple,9,pop rock
7494,Slightly Stoopid,9,reggae rock
4505,June Marieezy,9,alternative r&b
8347,The Claypool Lennon Delirium,9,neo-psychedelic
4762,King Princess,8,dance pop
3172,Future Islands,8,indie rock
3523,Gucci Mane,8,atl hip hop
3650,Herbie Hancock,8,contemporary post-bop
6867,Ramones,8,skate punk
1848,"Crosby, Stills & Nash",8,mellow gold
6349,Parcels,8,indie soul
4366,John Mayer,8,neo mellow
4140,Jelly Roll Morton,8,louisiana blues
9021,The Weeks,8,mississippi indie
4568,KOTA The Friend,8,hip hop
9396,Ty Dolla $ign,8,hip hop
1150,Breakbot,8,disco house
8562,The Ink Spots,8,lounge
682,Begonia,8,manitoba indie
93,Ab-Soul,8,conscious hip hop
5599,Miguel,8,pop
2409,Doves,8,alternative rock
4815,Kygo,8,pop
1760,Common Holly,8,quebec indie
2167,Dela,8,chillhop
8334,The Chainsmokers,8,pop
2367,Domo Genesis,7,alternative hip hop
5846,My Morning Jacket,7,indie rock
4132,Jefferson Airplane,7,rock
3093,Frankie Valli & The Four Seasons,7,folk rock
5506,Melodys Echo Chamber,7,shiver pop
2403,Dope Lemon,7,australian indie
6356,Parquet Courts,7,freak folk
3440,Grapetooth,7,indie garage rock
55,A Boogie Wit da Hoodie,7,rap
3761,Idris Muhammad,7,afrobeat
3789,Inner Wave,7,indie garage rock
3388,Goth Babe,7,vapor soul
3904,Jack Symes,7,deep new americana
304,Andrew Bird,7,stomp and holler
6000,Nelly,7,urban contemporary
3364,Gong Gong Gong 工工工,7,chinese indie rock
7585,Snoop Dogg,7,g funk
3701,Homeboy Sandman,7,abstract hip hop
3707,Hoops,7,chillwave
6086,Nightmares On Wax,7,bleep techno
2746,Escort,7,nu disco
7498,Slow Pulp,7,indie garage rock
3579,HALA,7,indie garage rock
3963,James Blake,7,art pop
5097,Lord Huron,7,indie folk
3967,James Brown,7,funk
3972,James McAlister,7,experimental pop
8626,The Lovin Spoonful,7,mellow gold
400,Aretha Franklin,7,adult standards
2251,Digable Planets,7,rap
1729,Cold War Kids,7,rock
9297,Townes Van Zandt,7,new americana
1753,Common,7,alternative hip hop
1956,DJ Khaled,7,southern hip hop
1658,Clap Your Hands Say Yeah,7,dance-punk
9569,Wand,7,chamber psych
799,Big Wild,7,vapor soul
8734,The Mountain Goats,7,chamber pop
9347,Trey Anastasio,7,progressive bluegrass
9503,Vic Mensa,7,conscious hip hop
406,Ariana Grande,7,dance pop
971,Bluestaeb,7,jazz boom bap
1642,Cigarettes After Sex,7,el paso indie
613,Bas,7,rap
888,Blac Rabbit,7,neo-psychedelic
449,Art dEcco,7,canadian indie
8431,The Doobie Brothers,6,roots rock
2183,Derek & The Dominos,6,album rock
3929,Jackson Browne,6,traditional folk
6997,Rihanna,6,r&b
2694,Emitt Rhodes,6,folk rock
1386,Caribou,6,electronica
6576,Pixies,6,boston rock
8598,The Lagoons,6,la indie
2039,Darius Rucker,6,pop rock
5719,Moe.,6,jam band
1674,Claude Debussy,6,post-romantic era
4535,Justice,6,new rave
7202,SWMRS,6,modern rock
4775,Kirk Franklin,6,gospel
9034,The Who,6,folk rock
3880,JID,6,hip hop
4592,Kamasi Washington,6,contemporary jazz
4837,LImpératrice,6,new french touch
9348,Triathalon,6,indie garage rock
2961,Fleetwood Mac,6,yacht rock
8182,The Animals,6,album rock
8469,The Felice Brothers,6,alternative country
6449,Pepper,6,reggae fusion
6560,Pigeons Playing Ping Pong,6,jam band
4583,Kacey Musgraves,6,contemporary country
1203,Broken Social Scene,6,experimental pop
3685,Hippo Campus,6,modern rock
7348,Shannon & the Clams,6,garage rock
5560,Michael Kiwanuka,6,neo soul
3597,Haindling,6,german rock
28,2Pac,6,g funk
7427,Simon & Garfunkel,6,classic rock
2531,EARTHGANG,6,underground hip hop
4683,Kermit Ruffins,6,brass band
3588,HONNE,6,uk pop
1987,DOPE LEMON,6,australian indie
4679,Kenny Chesney,6,country
2461,Dreamville,6,rap
4436,Jorja Smith,6,pop
2579,Edward Sharpe & The Magnetic Zeros,6,chamber pop
1897,Current Swell,5,reggae rock
4989,Lil Nas X,5,pop rap
8236,The Beach Boys,5,brill building pop
7514,Sly & The Family Stone,5,classic rock
9291,Towkio,5,underground hip hop
7413,Silver Jews,5,alternative country
6844,Railroad Earth,5,jam band
2871,Faye Webster,5,atlanta indie
2869,Fats Waller,5,vocal jazz
9239,Tony Bennett,5,adult standards
7536,Smashing Pumpkins,5,alternative metal
5495,MellowHype,5,hip hop
2892,Felly,5,underground hip hop
2976,Florida Georgia Line,5,country
3689,Hiss Golden Messenger,5,indie folk
1861,"Crosby, Stills, Nash & Young",5,mellow gold
10059,dvsn,5,canadian contemporary r&b
1637,Chuck Berry,5,rock-and-roll
2970,Flo Rida,5,pop rap
5644,Mike WiLL Made-It,5,underground hip hop
9483,Vance Joy,5,folk-pop
779,Big Shaq,5,social media pop
9645,Weezer,5,rock
293,Amy Winehouse,5,neo soul
2092,Day Wave,5,indie rock
2488,Duke Ellington,5,bebop
5358,Martin Garrix,5,big room
9051,The Yardbirds,5,art rock
6215,Oneohtrix Point Never,5,ambient
5770,Moses Sumney,5,alternative r&b
8922,The String Cheese Incident,5,progressive bluegrass
4242,Joe Hertler and The Rainbow Seekers,5,michigan indie
1814,Craig Mack,5,gangster rap
6338,Palm,5,experimental pop
5270,Madvillain,5,alternative hip hop
7879,Subject,5,victoria bc indie
7953,Sylvan Esso,5,indie folk
1773,Cosmo Pyke,5,indie garage rock
9439,Uncle Kracker,5,pop rock
5966,Neil Young,5,album rock
8503,The Frights,5,indie pop
9688,Whitney Houston,5,urban contemporary
1141,Brad Paisley,5,contemporary country
5939,Nathaniel Rateliff & The Night Sweats,5,funk
6043,Nick Drake,5,folk rock
4448,Joy Division,5,garage rock
6006,Neon Indian,5,electropop
5367,Martin Solveig,5,electro house
2059,David Bowie,5,album rock
2083,Dawes,5,indie rock
7555,Smith Westerns,5,noise pop
3242,Gayngs,5,chillwave
6573,Pink Skies,5,modern dream pop
8212,The Avett Brothers,5,indie folk
5286,Major Lazer,5,tropical house
8210,The Avalanches,5,indietronica
2806,Faces,5,blues rock
837,Billie Holiday,5,torch song
8810,The Replacements,5,alternative pop
2678,Elvis Presley,5,adult standards
704,Ben Zaidi,5,folk-pop
512,BRONCHO,5,indie garage rock
6468,Perpetual Groove,5,jam band
1438,Casey Veggies,5,west coast trap
5658,Milky Chance,5,german pop
6433,Pearl Jam,5,rock
4087,Jaymes Young,5,indie poptimism
3416,Grand Funk Railroad,4,album rock
7216,SZA,4,rap
7037,Robin Bennich,4,background music
8616,The Lone Bellow,4,deep new americana
5869,N.W.A.,4,hardcore hip hop
7054,Rodriguez,4,folk rock
3365,Good Morning,4,experimental pop
3783,Injury Reserve,4,conscious hip hop
3958,James & Bobby Purify,4,classic soul
1645,City and Colour,4,canadian indie
1340,Camila Cabello,4,dance pop
9937,Young the Giant,4,modern alternative rock
6372,Part Time,4,nu gaze
1049,Bon Iver,4,chamber pop
1483,Cat Stevens,4,classic rock
9880,Yo Gotti,4,trap
1300,CHAI,4,japanese alternative rock
5840,Mustard,4,southern hip hop
4670,Keller Williams,4,jamgrass
4539,Justin Timberlake,4,dance pop
6141,ODESZA,4,chillwave
90,Aaron Neville,4,soul
6287,Overcoats,4,vapor soul
9989,ZHU,4,edm
9966,Yung Bae,4,future funk
5729,Monsune,4,bedroom pop
4342,John Legend,4,urban contemporary
4275,Johannes Bornlöf,4,calming instrumental
3773,Iggy Pop,4,post-punk
1589,Chiddy Bang,4,philly rap
931,Blitzen Trapper,4,new americana
3578,HAIM,4,rock
1612,Chris Stapleton,4,outlaw country
6897,Rayland Baxter,4,chamber pop
3937,Jacob Sigman,4,ann arbor indie
6651,Pretty Lights,4,edm
6627,Portugal. The Man,4,rock
3946,Jai Wolf,4,edm
7232,Sam & Dave,4,classic soul
9830,YG,4,cali rap
6780,RIOPY,4,neo-classical
6779,REZN,4,stoner rock
220,Allen Stone,4,retro soul
9863,Yeek,4,alternative r&b
7316,Schoolboy Q,4,rap
2016,Dan Auerbach,4,rock
3179,G-Eazy,4,rap
1967,DJ Snake,4,electronic trap
8034,Talib Kweli,4,conscious hip hop
1886,Curren$y,4,alternative hip hop
411,Ariel Pink,4,art pop
3220,Galaxie 500,4,noise pop
2031,Danny Brown,4,escape room
2028,Daniela Andrade,4,folk-pop
8147,Terence Blanchard,4,new orleans jazz
7442,Sir Sly,4,shimmer pop
2597,Elder Island,4,vapor soul
3021,Four Tops,4,adult standards
2623,Ella Fitzgerald,4,adult standards
7892,Sugar Candy Mountain,4,oakland indie
5343,Maroon 5,4,pop
594,Band Of Horses,4,indie rock
3106,Freddie Gibbs,4,underground hip hop
7600,Social House,4,pop
3287,Georgia Mass Choir,4,praise
7623,SonReal,4,bc underground hip hop
2732,Erykah Badu,4,afrofuturism
831,Billie Eilish,4,electropop
3233,Gary Clark Jr.,4,blues rock
3266,George Clinton,4,soul
5099,Lotus ,4,jam band
7496,Slow Mass,4,indie punk
486,Avicii,3,big room
9395,Two Friends,3,tropical house
8843,The Sea and Cake,3,american post-rock
5144,Love,3,roots rock
9708,Wild Nothing,3,art pop
1296,BØRNS,3,rock
7745,Statik Selektah,3,underground hip hop
9522,Vincent,3,edm
8756,The New Pornographers,3,alternative rock
2615,Electric Light Orchestra,3,symphonic rock
4185,Jess Williamson,3,alternative americana
1291,Busty and the Bass,3,retro soul
10035,benny blanco,3,pop
8117,Television,3,rock
5746,Morgan Page,3,big room
9869,Yellow Claw,3,electronic trap
699,Belle and Sebastian,3,twee pop
1028,Bomb the Music Industry,3,indie punk
2622,Elephant Revival,3,washboard
6322,PREP,3,indie r&b
1360,Cannonball Adderley,3,vocal jazz
4791,Kodak Black,3,hip hop
8784,The Pharcyde,3,jazz rap
9179,Tiësto,3,edm
5115,Loud Luxury,3,tropical house
8801,The Raconteurs,3,alternative rock
2710,Empty Country,3,garage psych
7719,Sports,3,indie pop
6451,Percy Sledge,3,classic soul
4090,Jazz Addixx,3,jazz rap
4030,Jason Aldean,3,country road
4053,Jay Prince,3,alternative r&b
1439,Cash Cash,3,big room
2674,Elton John,3,glam rock
2688,Emily King,3,urban contemporary
9376,Turnover,3,alternative emo
4820,LANY,3,la pop
4272,Johannes Bornlof,3,calming instrumental
4498,Julie London,3,vocal jazz
1171,Brian Eno,3,experimental
9427,UGK (Underground Kingz),3,dirty south rap
4491,Julia Jacklin,3,sydney indie
2433,Dr. Dre,3,west coast rap
8031,Taj Mahal,3,soul
684,Beirut,3,baroque pop
1188,Broken Bells,3,indietronica
8058,Taylor Swift,3,dance pop
2453,Drake Bell,3,post-teen pop
4471,Jr. Walker & The All Stars,3,funk
98,Abhi The Nomad,3,desi hip hop
4587,Kali Uchis,3,colombian pop
7978,T. Rex,3,dance rock
5896,NGHTMRE,3,electronic trap
80,A$AP Mob,3,southern hip hop
5884,NAV,3,rap
7973,T-Pain,3,urban contemporary
9434,Umphreys McGee,3,jam band
2328,Dispatch,3,stomp and holler
4538,Justin Bieber,3,post-teen pop
4634,Kat Wright,3,vermont indie
9019,The Weeknd,3,pop
7798,Stereolab,3,experimental pop
1068,Bonobo,3,electronica
2831,Fat Joe,3,bronx hip hop
1258,Buffalo Springfield,3,classic rock
4282,John Cale,3,art pop
4691,Kevin Abstract,3,rap
8079,Tedeschi Trucks Band,3,blues rock
8092,Tee Grizzley,3,hip hop
2500,Dumpstaphunk,3,funk rock
10079,moe.,3,jam band
336,Angus & Julia Stone,3,neo mellow
1235,Bruce Springsteen,3,classic rock
7826,Steve Miller Band,3,folk rock
4370,John Mellencamp,3,album rock
7230,Sabrina Claudio,3,pop
2055,Dave,3,uk hip hop
9792,Wynton Marsalis,3,classical trumpet
9667,Whethan,3,vapor soul
7397,Shuggie Otis,3,afrobeat
9229,Tomppabeats,3,lo-fi beats
9213,Tom Petty,3,soft rock
5063,Little Simz,3,trap queen
807,Bill Evans,3,jazz fusion
250,Alt-J,3,modern rock
5552,Michael Bublé,3,adult standards
258,Ambar Lucid,3,bedroom pop
7408,Sigala,3,edm
4946,Lettuce,3,modern funk
4941,Leonard Cohen,3,singer-songwriter
3564,Gwen McCrae,3,classic soul
5323,Maribou State,3,electronica
8374,The Cure,3,rock
3109,Free Nationals,3,indie soul
3668,Hezekiah Walker,3,gospel
1576,Cherry Glazerr,3,indie surf
8671,The Mamas & The Papas,3,rock
3678,Hippie Sabotage,3,edm
5314,Manwolves,3,bedroom soul
8674,The Marías,3,bedroom pop
8679,The Meters,3,afrobeat
1556,Charlotte Day Wilson,3,soul
6841,Rage Against The Machine,3,rock
3720,Hot Chip,3,alternative dance
234,Allman Brothers Band,3,hard rock
3637,Hearts & Colors,3,post-teen pop
5556,Michael Jackson,3,pop
3368,Goose,3,jamtronica
7174,SBTRKT,3,indie r&b
7281,Sarah Jarosz,3,stomp and holler
7282,Sarah Vaughan,3,adult standards
7166,SALES,3,orlando indie
7155,Ryan Montbleau,3,new americana
3399,Graham Nash,3,classic rock
4992,Lil Pump,3,rap
5031,Lit,3,alternative rock
7199,STRFKR,3,vapor soul
5356,Marshmello,3,brostep
8439,The Doors,3,rock
7132,Run The Jewels,3,hip hop
3476,Greensky Bluegrass,3,new americana
830,Bill Withers,3,soul
3181,G. Love & Special Sauce,3,reggae rock
8407,The Devil Makes Three,3,western americana
1895,Current Joys,3,indie garage rock
7358,Sharon Jones & The Dap-Kings,3,afrobeat
3538,Guns N Roses,3,glam metal
3429,Grandaddy,3,alternative rock
4986,Lil Mosey,3,vapor trap
860,Billy Preston,3,funk
1500,Cate Le Bon,3,indie folk
7490,Slave,3,soul
6677,Psychedelic Porn Crumpets,3,australian garage punk
2931,Fitz and The Tantrums,3,rock
960,Blue Oyster Cult,3,soft rock
7499,Slowdive,3,alternative rock
10053,dijon,3,alternative r&b
2009,Damian Marley,3,reggae fusion
8714,The Modern Lovers,3,punk blues
6775,REASON,3,underground hip hop
3809,Iration,3,reggae rock
7449,Skegss,3,indie surf
938,BlocBoy JB,3,vapor trap
1515,Ceramic Animal,3,neo-psychedelic
218,Allan Kingdom,3,underground hip hop
800,Big Words,3,australian r&b
7529,Smallpools,3,indietronica
3938,Jai Paul,3,art pop
2893,Fenne Lily,3,bristol indie
3956,Jalen Santoy,3,underground hip hop
51,50 Cent,3,rap
3903,Jack Johnson and Friends,3,neo mellow
201,Alex Wiley,3,underground hip hop
6604,Poolside,3,new rave
3915,Jackson 5,3,adult standards
2907,Field Medic,3,small room
7053,Roddy Ricch,3,melodic rap
2996,Flying Lotus,3,glitch
5581,Microphones,3,indie pop
2002,DaBaby,3,nc hip hop
3751,Hundred Waters,3,indie psych-pop
9086,Thee Oh Sees,2,indie garage rock
5303,Mandolin Orange,2,stomp and holler
9029,The White Stripes,2,rock
5760,Mos Def,2,alternative hip hop
5678,Missy Elliott,2,hip pop
5269,Madlib,2,hip hop
5817,Mr. Fingers,2,hip house
9311,Traffic,2,folk rock
9185,Toby Keith,2,contemporary country
9271,Too $hort,2,west coast rap
5352,Marshall Tucker Band,2,rock
10030,ayokay,2,vapor soul
5859,MØ,2,pop
5295,Manchester Orchestra,2,dreamo
5287,Major Murphy,2,grand rapids indie
5728,Monster Rally,2,indietronica
9454,V.I.C.,2,southern hip hop
5725,Mom Jeans.,2,north carolina emo
9077,The xx,2,indietronica
9352,Tribal Seeds,2,west coast reggae
5400,Mat Kerekes,2,anthem emo
9416,Tycho,2,chillwave
5472,"Medeski, Martin & Wood",2,jam band
5660,Milo,2,escape room
5769,Moses Gunn Collective,2,neo-psychedelic
5665,Mink Mussel Creek,2,neo-psychedelic
5449,Mayer Hawthorne,2,soul
5618,Mija,2,electra
10074,honeyhoney,2,new americana
5805,Mouse On Mars,2,dusseldorf electronic
9386,Twiddle,2,jam band
5253,Macklemore & Ryan Lewis,2,pop
5777,Moss Kena,2,uk contemporary r&b
5778,Motel Radio,2,new orleans indie
9117,Theophilus London,2,indie r&b
5657,Miley Cyrus,2,post-teen pop
10111,zack villere,2,alternative r&b
9420,Tyler Childers,2,kentucky indie
5395,Mason Jennings,2,stomp and holler
10038,blackbear,2,pop
5555,Michael Giacchino,2,soundtrack
9692,Widespread Panic,2,southern rock
5887,NEIKED,2,scandipop
9626,Waxahatchee,2,art pop
8602,The Last Shadow Puppets,2,modern rock
7167,SASAMI,2,art pop
7178,SG Lewis,2,alternative r&b
8537,The Highwaymen,2,outlaw country
7150,Ryan Hurd,2,country pop
7139,Rush,2,art rock
9753,Winston Surfshirt,2,australian indie
7086,Romare,2,south african alternative
7093,Rosalía,2,r&b en espanol
9638,Ween,2,alternative rock
9654,Weyes Blood,2,art pop
8381,The D.O.C.,2,rap
7376,Shawn Mendes,2,canadian pop
7330,Sex On Toast,2,australian r&b
7255,Sam Feldt,2,tropical house
8499,The Fratellis,2,modern rock
8493,The Format,2,indie pop
9637,Weaves,2,toronto indie
9756,Wiz Khalifa,2,hip hop
6974,Rick Ross,2,hip hop
6969,Richard Swift,2,indie rock
8648,The Magnetic Fields,2,lo-fi
6937,Rejjie Snow,2,irish hip hop
6928,Red Hot Chili Peppers,2,funk metal
6959,Rhye,2,shimmer pop
6949,RetcH,2,new jersey rap
7071,Rogue Wave,2,noise pop
9778,Wolfgang Amadeus Mozart,2,classical era
7012,Rixton,2,post-teen pop
6988,Ricky Eat Acid,2,indie garage rock
7055,Roger Miller,2,country
7388,Shinyribs,2,austin americana
7878,Styles P,2,trap
7780,Stephen Stills,2,folk rock
7768,Stephen Malkmus and The Jicks,2,freak folk
7762,Stephen Malkmus & The Jicks,2,lo-fi
7900,Supertramp,2,album rock
9695,Widowspeak,2,experimental pop
7926,Swim Mountain,2,neo-psychedelic
7927,Swimming Tapes,2,english indie rock
7936,Syd,2,alternative r&b
8010,TRAILS AND WAYS,2,shiver pop
7910,Sure Sure,2,indie pop
9672,Whiskeytown,2,folk
7463,Skrillex,2,brostep
7471,"Slaughter Beach, Dog",2,alternative emo
7445,Sjowgren,2,stomp and holler
7411,Silk City,2,edm
7403,Sia,2,australian dance
8251,The Bees,2,isle of wight indie
9669,Whilk & Misky,2,uk alternative pop
9676,White Noise For Baby Sleep,2,sleep
7728,Stan Getz,2,adult standards
8196,The Arcs,2,funk
8195,The Archies,2,folk rock
7727,Stadium Marching Band,2,marching band
7556,Smokey Robinson,2,classic soul
7655,Sonny & The Sunsets,2,bay area indie
7688,Spendtime Palace,2,indie garage rock
8865,The Shirelles,2,doo-wop
6240,Orion Sun,2,indie r&b
6242,Oscar Peterson,2,adult standards
9971,Yuno,2,jacksonville indie
8871,The Shivas,2,indie garage rock
9995,Zacari,2,gqom
6203,Omni,2,garage psych
8874,The Smashing Pumpkins,2,alternative metal
8873,The Slaps,2,indie garage rock
9957,Yumi Zouma,2,electropop
6299,PJ Harvey,2,alternative rock
9584,Warren G,2,gangster rap
9582,Warm Brew,2,underground hip hop
6267,Otis Spann,2,electric blues
8943,The Tallest Man On Earth,2,indie folk
8941,The Supremes,2,soul
5949,Naughty Boy,2,tropical house
5951,Naughty By Nature,2,east coast hip hop
5926,Nappy Roots,2,southern hip hop
8981,The Velveteins,2,indie garage rock
8970,The Vamps,2,viral pop
5936,Nat King Cole,2,vocal jazz
8911,The Stooges,2,garage rock
6124,Norbert Lukács,2,orebro indie
6113,Noah Cyrus,2,post-teen pop
6013,Netherfriends,2,shimmer pop
6034,Niall Horan,2,dance pop
9564,Wallace,2,australian alternative pop
6787,ROLE MODEL,2,bedroom pop
8717,The Monkees,2,brill building pop
6743,Queen,2,glam rock
6750,Quiet Hollers,2,deep new americana
6751,Quinn XCII,2,electropop
8716,The Moldy Peaches,2,lo-fi
6781,RJD2,2,big beat
6659,Prince,2,motown
6620,Porridge Radio,2,indie rock
6633,Powers Pleasant,2,underground hip hop
8659,The Main Ingredient,2,motown
6879,Ratatat,2,alternative dance
6881,Ratboys,2,chicago indie
9814,XXXTENTACION,2,miami hip hop
6818,Radical Face,2,stomp and holler
6827,Rae Sremmurd,2,hip hop
6850,Rain Sounds,2,water
9597,Warren Zevon,2,piano rock
8795,The Police,2,soft rock
6330,Pablo Neptuno,2,argentine indie
6334,Palehound,2,boston indie
6346,Papadosio,2,jam band
6373,Party Pupils,2,pop edm
8775,The Nude Party,2,north carolina indie
6427,Peach Tree Rascals,2,alternative r&b
6608,Porches,2,electropop
6545,Phony PPL,2,indie soul
6557,Photay,2,chillwave
6521,Phil Collins,2,soft rock
6470,Pete Rock & C.L. Smooth,2,alternative hip hop
6434,Peggy Gou,2,electra
6445,People Under The Stairs,2,alternative hip hop
5057,Little Green Cars,2,shimmer pop
3145,Frédéric Chopin,2,classical
4614,Karen Dalton,2,freak folk
3159,Funkadelic,2,psychedelic rock
3519,Gryffin,2,edm
3187,GRiZ,2,edm
1980,DOM KENNEDY,2,cali rap
558,Badfinger,2,album rock
1686,Clipse,2,pop rap
3533,Gucci Mane & Waka Flocka Flame,2,pop rap
4638,Katy Perry,2,post-teen pop
547,Bad Bad Hats,2,indie rock
1003,Bob Dylan & The Band,2,singer-songwriter
4541,Juvenile,2,bounce
1710,Cocteau Twins,2,alternative rock
602,Barns Courtney,2,modern alternative rock
616,Bastille,2,metropopolis
4157,Jeremih,2,chicago rap
1733,Coleman Hawkins,2,bebop
3196,Galactic,2,modern funk
572,Bag Raiders,2,alternative dance
584,Bakar,2,indie r&b
4567,KNAAN,2,reggae fusion
588,Bambara,2,brooklyn indie
1020,Bomb The Music Industry!,2,anti-folk
3004,Foals,2,indie rock
4736,Kiiara,2,post-teen pop
2071,David Crosby,2,mellow gold
903,Black Lips,2,punk blues
2054,Das Kope,2,neo-psychedelic
4722,Kid Bloom,2,indie pop
2027,Daniel Tosh,2,comic
1996,DRAMA,2,vapor soul
3070,Frank Zappa,2,album rock
431,Arman Cekin,2,bass trap
4742,Kill The Noise,2,brostep
1088,Booker T & The MGs,2,classic soul
2964,Flo Morrissey and Matthew E. White,2,british singer-songwriter
2103,Daya,2,viral pop
1625,Christine and the Queens,2,shimmer pop
4750,Kimya Dawson,2,olympia wa indie
470,Atmosphere,2,alternative hip hop
4648,Keb Mo,2,electric blues
503,BJ The Chicago Kid,2,indie soul
1039,Bombadil,2,stomp and holler
1037,Bomb the Music Industry!,2,ska punk
490,Azizi Gibson,2,underground hip hop
4381,John Prine,2,folk
1870,Cub-J,2,boogaloo
1761,Cool Calm Pete,2,jazz rap
818,Bill Evans Trio,2,soul jazz
3341,Glen Hansard,2,chamber pop
1828,Cream,2,supergroup
869,Bishop Nehru,2,alternative hip hop
4215,Jimmy Eat World,2,emo
769,Big Red Machine,2,eau claire indie
757,Big L,2,east coast hip hop
3334,Glass Animals,2,gauze pop
789,Big Walter Horton,2,blues
801,Big Z,2,pop edm
1796,Courtney Barnett,2,australian indie
913,Blind Melon,2,alternative metal
1776,Cosmos Midnight,2,australian hip hop
1805,Cousin Stizz,2,vapor trap
4241,Joe Hertler & the Rainbow Seekers,2,michigan indie
908,Blackbear,2,pop rap
906,Blackalicious,2,turntablism
4307,John Denver,2,classic country pop
951,Blu,2,underground hip hop
4318,John Fogerty,2,roots rock
4196,Jidenna,2,ghanaian hip hop
631,Beach Bunny,2,diy emo
657,Beanie Sigel,2,battle rap
668,Beastie Boys,2,alternative rock
674,Beck,2,alternative rock
4443,Joss Stone,2,pop rock
4477,Juicy J,2,crunk
4513,Jurassic 5,2,gangster rap
4510,Jungle,2,uk contemporary r&b
4166,Jerkcurb,2,indie garage rock
1909,Cypress Hill,2,rap rock
4419,Joni Mitchell,2,singer-songwriter
4421,Jordan Rakei,2,alternative r&b
4389,John Splithoff,2,nyc pop
4168,Jerry Folk,2,indie soul
3289,Ghostface Killah,2,alternative hip hop
4429,Jordy Searcy,2,indiecoustica
4171,Jerry Garcia,2,blues rock
711,Bermuda Triangle,2,nashville indie
3288,Geowulf,2,modern dream pop
4907,Lauryn Hill,2,hip pop
2726,Eric Nam,2,korean pop
2727,Erik Satie,2,classical
4982,Lil Kim,2,urban contemporary
1470,Cassandra Wilson,2,contemporary vocal jazz
144,Afrojack,2,progressive house
2357,Doja Cat,2,pop
2760,Ever So Blue,2,background music
1249,Bryan Adams,2,pop rock
1256,Buddy Holly,2,rockabilly
2383,Donovan,2,art rock
5018,Lil Yachty,2,trap
2371,Donavon Frankenreiter,2,neo mellow
2366,Dominic Fike,2,pop
3860,J.J. Cale,2,album rock
1163,Brett Eldredge,2,country road
4949,Lewis OfMan,2,french indietronica
4931,Lee Dorsey,2,soul
1178,Briston Maroney,2,nashville indie
3877,JAY-Z,2,rap
1536,Charles Mingus,2,avant-garde jazz
3664,Hermitude,2,indietronica
2322,Discodeine,2,electrofox
1242,Bruno Mars,2,post-teen pop
3869,J.Views,2,future ambient
5154,Lucky Chops,2,brass band
23,2 Chainz,2,southern hip hop
2446,Dr. John,2,soul
1322,Cake,2,sacramento indie
5150,Low Roar,2,icelandic indie
5121,Loudon Wainwright III,2,traditional folk
2569,Edith Piaf,2,chanson
44,4 Non Blondes,2,new wave pop
3813,Irma Thomas,2,louisiana blues
1402,Carlos Cipa,2,compositional ambient
1404,Carly Rae Jepsen,2,canadian pop
2478,Dropkick Murphys,2,skate punk
1361,Cape Francis,2,brooklyn indie
2643,Ellie Goulding,2,electropop
3756,Ice Cube,2,gangster rap
3753,IZ*ONE,2,k-pop girl group
1288,Busty and The Bass,2,modern funk
100,Absofacto,2,indie psych-pop
1287,Busta Rhymes,2,rap
242,Aloe Blacc,2,r&b
4867,Lana Del Rey,2,pop
263,Amber Mark,2,indie soul
4860,Lala Lala,2,indie rock
2830,Famous Dex,2,vapor trap
2182,Denzel Curry,2,underground hip hop
1572,Chaz Bundick Meets The Mattson 2,2,neo-psychedelic
3609,Har Mar Superstar,2,minneapolis indie
3905,Jackie Wilson,2,adult standards
1579,Chet Baker,2,bebop
2881,Fela Kuti,2,afrobeat
2819,Fall Out Boy,2,emo
3623,Hardwell,2,progressive house
2800,FISHER,2,australian house
256,Amanaz,2,acid rock
259,Ambassadeurs,2,vapor twitch
4777,Kishi Bashi,2,chamber pop
4011,Janis Joplin,2,rock
4012,Jank,2,swancore
1613,Chris Thile,2,bluegrass
4774,Kings Of Leon,2,rock
3600,Hala,2,indie garage rock
1619,Christian Akridge,2,indie cafe pop
2131,Deep Purple,2,album rock
1597,Choker,2,alternative r&b
2898,Fergie,2,dance pop
4847,Labrinth,2,post-teen pop
4841,La Femme,2,new rave
1113,Bosley,2,baltimore indie
2270,Dinosaur Jr.,2,noise pop
3635,Hazel English,2,indie rock
1145,Brazilian Girls,2,downtempo
8513,"The Good, The Bad & The Queen",1,garage rock
8515,The Gospel Whiskey Runners,1,christian indie
1434,Caroline Rose,1,vermont indie
8511,The Go,1,garage rock
1602,Chris Forsyth,1,freak folk
1648,Claire Laffut,1,new french touch
1766,Corey Smith,1,country road
8507,The Garden,1,indie garage rock
1769,Corinne Bailey Rae,1,british soul
1695,Cloud Nothings,1,dance-punk
1449,Cashmere Cat,1,downtempo
8595,The Kooks,1,indie pop
1762,Cool Company,1,indie soul
1633,Chromeo,1,nu disco
8755,The New Basement Tapes,1,roots rock
1604,Chris Lake,1,bass house
1529,Charles Lloyd,1,contemporary post-bop
1416,Carnage,1,trap
8777,The Olympians,1,funk
1705,Club Kuru,1,neo-psychedelic
8780,The Pesos,1,indie garage rock
1411,Carmody,1,uk alternative pop
1401,Carl Thomas,1,urban contemporary
8496,The Foundations,1,motown
1709,Coconut Records,1,stomp and holler
1650,Claire Pinette,1,focus
1428,Carole King,1,soul
8689,The Modern Jazz Quartet,1,big band
1675,Clean Bandit,1,dance pop
1559,Charlotte Funke,1,focus
1509,Cautious Clay,1,indie r&b
1511,Caveman,1,brooklyn indie
8610,The Libertines,1,dance-punk
1690,Cloud Control,1,australian indie
8678,The Memories,1,popgaze
1560,Charly Bliss,1,art pop
1512,Caye,1,boston hip hop
1513,Cecelya,1,background music
8552,The Hollies,1,soft rock
8728,The Motet,1,funk
1546,Charlie Burg,1,ann arbor indie
1473,Cat Power,1,art pop
8531,The Herbaliser,1,electronica
1745,Commodores,1,classic soul
1596,Chilly Gonzales,1,neo-classical
8751,The Neighbourhood,1,pop
1591,Chieli Minucci,1,smooth jazz
1516,Chadwick Stokes,1,modern folk rock
1517,Chaka Demus & Pliers,1,funana
8356,The Cleaners From Venus,1,freak folk
8071,Tdot Illdude,1,new jersey rap
2280,Dionne Warwick,1,disco
8061,Tchami,1,bass house
2172,Delta Spirit,1,indie folk
8073,Tea Leaf Green,1,bay area indie
8076,Tech N9ne,1,hip hop
2261,Dillon Francis,1,tropical house
8057,Taylor Bennett,1,underground hip hop
2303,Dirty Dozen Brass Band,1,street band
2298,Dire Straits,1,soft rock
2292,Diplo,1,pop
8050,Tank and The Bangas,1,new orleans funk
8051,Tash Sultana,1,australian reggae fusion
8052,Tasha Cobbs Leonard,1,gospel
2205,Destinys Child,1,girl group
2203,Desiigner,1,viral trap
8148,The 1975,1,indie pop
8154,The Alan Parsons Project,1,album rock
8161,The All-American Rejects,1,modern rock
2176,Dennis Lloyd,1,israeli pop
2244,Dierks Bentley,1,modern country rock
8133,Ten Years After,1,symphonic rock
2237,Devon Gilfillian,1,nashville indie
2236,Devin The Dude,1,trap
2329,Disq,1,garage psych
7895,Sungha Jung,1,fingerstyle
7897,Super Whatevr,1,alternative emo
2462,Drive-By Truckers,1,alternative country
2459,Dreamgirl,1,kc indie
2457,Dream Theater,1,rock
7916,Surfaces,1,bedroom soul
7918,Susan Wong,1,audiophile vocal
7919,Sweater Beats,1,gauze pop
7921,Sweet Spirit,1,austindie
2408,Doris Troy,1,southern soul
7928,Switchfoot,1,ccm
7860,Stonebank,1,edm
7863,Stroke 9,1,pop rock
2511,Dusty Springfield,1,folk rock
2506,Durand Jones & The Indications,1,funk
2505,Dune Rats,1,australian indie
2499,Dumbo Gets Mad,1,psychedelic pop
2486,Duke Da Beast,1,chicago rap
2479,Drug Cabin,1,baroque pop
2402,Dopapod,1,jamtronica
2332,Divine Council,1,underground hip hop
7991,T.I.,1,southern hip hop
7993,THEY.,1,alternative r&b
2361,Dom Dolla,1,australian house
2360,Dolly Parton,1,country dawn
2353,Django Reinhardt,1,swing
2346,Dizzy Wright,1,underground hip hop
2338,Dixie Chicks,1,country dawn
7940,Syd Barrett,1,art rock
7957,Sylvester,1,disco
7960,System Of A Down,1,alternative metal
2382,Donny McCaslin,1,progressive jazz fusion
2130,Declan McKenna,1,rock
1901,Curtis Mayfield,1,disco
1929,DIIV,1,modern alternative rock
1912,César Franck,1,late romantic era
8393,The Dells,1,brill building pop
1885,Cults,1,shimmer pop
8369,The Cry,1,san diego indie
8367,The Cranberries,1,pop rock
8339,The Chemical Brothers,1,electronica
8365,The Copper Children,1,deep new americana
8453,The Durutti Column,1,dream pop
8464,The Electric Peanut Butter Company,1,funk
8465,The Essentialists,1,alabama indie
8466,The Evens,1,dc indie
1812,Craft Spells,1,nu gaze
8487,The Fleetwoods,1,adult standards
1875,Cuco,1,dream pop
8416,The Disco Biscuits,1,jam band
1839,Crooked Colours,1,vapor soul
8440,The Drifters,1,adult standards
2045,Darondo,1,soul
2040,Darkstar,1,bass music
2025,Daniel Paterok,1,neo-classical
2024,Daniel Daecher,1,background music
2019,Dancing on Tables,1,scottish indie rock
2018,Dancing Years,1,indie anthem-folk
8241,The Beat Bugs,1,children's music
2004,Dae Dae,1,trap
2001,Da$H,1,vapor trap
1997,DREAMCAR,1,electronic rock
8255,The Big Moon,1,art pop
8266,The Blaze,1,french indie pop
8269,The Bobby Fuller Four,1,bubblegum pop
8218,The Backseat Lovers,1,slc indie
8181,The Amazing,1,swedish indie rock
2121,Dean Martin,1,vocal jazz
2117,DeJ Loaf,1,trap queen
8190,The Apache Relay,1,lo star
2111,De La Soul,1,rap
2104,Daye Jack,1,escape room
2088,Dawn Penn,1,rock steady
2079,David Guetta,1,pop
8305,The Bright Light Social Hour,1,austindie
1978,DNCE,1,pop rock
1964,DJ Shadow,1,turntablism
1948,DJ Drama,1,trap
8322,The C90s,1,nu disco
1940,DJ Clue,1,hip pop
8328,The Carters,1,pop
8275,The Books,1,chamber pop
8303,The Brian Setzer Orchestra,1,swing
8282,The Bravery,1,alternative dance
8288,The Brian Jonestown Massacre,1,alternative rock
9008,The Wallflowers,1,post-grunge
9728,Will Smith,1,hip hop
287,America,1,soft rock
9722,Wildcat! Wildcat!,1,gauze pop
9724,Wilderado,1,deep new americana
306,Andrew McMahon in the Wilderness,1,indie pop
277,Amen Dunes,1,slow core
9736,Willis Earl Beal,1,alternative americana
9737,Wilson Pickett,1,brill building pop
364,Anthony Hamilton,1,quiet storm
398,Arden Forest,1,background music
397,Arctic Monkeys,1,sheffield indie
372,Antonio Vivaldi,1,italian baroque
368,Anti-Lilly & Phoniks,1,jazz rap
361,Anna of the North,1,vapor soul
9746,Win and Woo,1,deep tropical house
227,Allen Toussaint,1,southern soul
9804,XTC,1,dance rock
9785,Wu-Tang Clan,1,east coast hip hop
248,Alpha 9,1,uplifting trance
9783,Wu Tang Clan,1,hip hop
243,Alonzo Gautier,1,background music
9815,Xavier Rudd,1,australian indie folk
9818,Xavier Wulf,1,dark trap
9763,Wolf Parade,1,art pop
9752,Winona Forever,1,indie garage rock
9779,Worn-Tin,1,indie garage rock
427,Arlo Parks,1,alternative r&b
9577,War,1,funk
542,Bachman-Turner Overdrive,1,mellow gold
533,Baby Bash,1,urban contemporary
9589,Warren Hill,1,smooth jazz
517,BTS,1,k-pop boy group
9541,WHY?,1,experimental pop
9513,Viktor Vaughn,1,hip hop
9527,Vindata,1,electronic trap
557,Bad Company,1,soft rock
9545,Wafia,1,australian hip hop
9548,Waka Flocka Flame,1,atl hip hop
497,BETWEEN FRIENDS,1,la pop
495,BEAM,1,trap soul
450,Artifacts,1,alternative hip hop
456,Atlas Sound,1,art pop
9646,Wes Montgomery,1,bebop
455,Atlantic Francis,1,swedish indie rock
448,Art Tatum,1,vintage jazz
485,Avenza,1,gaming edm
438,Arrested Development,1,rap
484,AudioDamn!,1,indie poptimism
483,Audio Two,1,old school hip hop
480,Audien,1,tropical house
9616,Wavves,1,indie garage rock
10018,a-ha,1,new wave
10004,Zara Larsson,1,swedish electropop
121,Adult Mom,1,anti-folk
120,Adrianne Lenker,1,stomp and holler
111,Active Bird Community,1,brooklyn indie
91,Aaron Taos,1,brooklyn indie
71,A War Within,1,american metalcore
61,A R I Z O N A,1,tropical house
10031,bLAck pARty,1,alternative r&b
9984,ZAYN,1,dance pop
131,Aer,1,pop rap
9972,Yves Tumor,1,art pop
129,Ady Suleiman,1,uk contemporary r&b
9997,Zack Mexico,1,north carolina indie
9998,Zak Abel,1,uk contemporary r&b
43,38 Special,1,southern rock
10097,of Montreal,1,freak folk
17,070 Shake,1,underground hip hop
10084,nicholas Franchise,1,dunedin indie
10085,nobigdyl.,1,christian hip hop
10077,levitation room,1,indie garage rock
10104,orion sun,1,alternative r&b
10108,tobi lou,1,alternative r&b
13,*repeat repeat,1,nashville indie
10076,infinite bisous,1,indie garage rock
10056,dodie,1,indie pop
10044,clipping.,1,alternative hip hop
10048,dead prez,1,alternative hip hop
10064,fun.,1,baroque pop
10069,harlem,1,garage pop
9969,Yung Lean,1,underground hip hop
194,Alex Izenberg,1,baroque pop
9859,Years & Years,1,pop
205,Alexandre Desplat,1,soundtrack
198,Alex Turner,1,sheffield indie
9871,Yellow Ostrich,1,shimmer pop
193,Alex Chilton,1,roots rock
183,Alesso,1,tropical house
132,Aesop Rock,1,abstract hip hop
9839,Yaeji,1,escape room
9829,YBS Skola,1,baltimore hip hop
219,Allbrook/Avery,1,psychedelic pop
211,Aliotta Haynes Jeremiah,1,classic rock
210,Alicia Keys,1,urban contemporary
9855,Yeah Yeah Yeahs,1,rock
9842,Yael Naïm,1,french indie pop
9843,Yann Tiersen,1,bow pop
176,Albert King,1,traditional blues
9942,Youth Lagoon,1,chamber pop
9926,Young Monks,1,canberra indie
169,Alan Jackson,1,country road
152,Akon,1,dance pop
151,Airline Food,1,australian indie rock
150,Against Me!,1,skate punk
9952,Yuja Wang,1,chinese classical performance
9923,Young Money,1,trap
9895,You Wont,1,modern folk rock
9896,Young Buck,1,crunk
9904,Young Dro,1,atl hip hop
9913,Young Fathers,1,abstract hip hop
583,Baio,1,nyc pop
1099,Borgeous,1,edm
1112,Born Ruffians,1,toronto indie
1095,BoomBox,1,jam band
1087,Boogie Down Productions,1,turntablism
1077,Boogarins,1,nova mpb
8989,The Voidz,1,garage rock
1128,Boyce Avenue,1,pop
1126,Boy Named Banjo,1,banjo
1125,Boy & Bear,1,australian pop
1122,Boston Bun,1,pop edm
8982,The Veronicas,1,australian pop
8992,The Walkmen,1,alternative rock
9139,Tigran Hamasyan,1,contemporary jazz
9118,They Dream By Day,1,atmosphere
9100,Thelonious Monk,1,jazz piano
9102,Them Crooked Vultures,1,alternative metal
9122,Thievery Corporation,1,downtempo
9127,Thomas Rhett,1,contemporary country
9131,Thunderbitch,1,nashville indie
9135,TiRon & Ayomari,1,soul flow
985,Bo Carter,1,traditional blues
9065,The Zolas,1,vancouver indie
1066,Bonnie Raitt,1,traditional folk
1019,Bobby Vinton,1,rock-and-roll
1013,Bobby Shmurda,1,trap
1009,Bobby Day,1,rockabilly
1005,Bobby Caldwell,1,yacht rock
1131,Boys Age,1,indie garage rock
1279,Built To Spill,1,noise rock
8835,The Roots,1,alternative hip hop
8842,The Rosebuds,1,classic girl group
1299,CASTLEBEAT,1,indie surf
8851,The Shanghai Restoration Project,1,ambeat
1324,Caleborate,1,cali rap
8882,The Smiths,1,dance rock
1132,Brad Mehldau,1,bebop
1349,Canibus,1,queens hip hop
1394,Carl Douglas,1,disco
1393,Carl Broemel,1,modern folk rock
1371,Capone-N-Noreaga,1,queens hip hop
1366,Capleton,1,roots reggae
8829,The Revivalists,1,rock
1344,Camille Saint-Saens,1,late romantic era
1339,Camera Obscura,1,twee pop
1336,Camel Power Club,1,new french touch
1326,Calpurnia,1,vancouver indie
8888,The Specials,1,dance rock
1144,Brasstracks,1,nyc pop
8931,The Suffers,1,funk
1215,Broods,1,auckland indie
1159,Brett Dennen,1,stomp and holler
1148,Brazos,1,austindie
8947,The Temper Trap,1,alternative dance
8959,The Timbre of Cedar,1,christian indie
8960,The Turtles,1,brill building pop
8965,The Undercover Dream Lovers,1,vapor soul
8930,The Struts,1,modern rock
8892,The Spinners,1,classic soul
8902,The SteelDrivers,1,bluegrass
9138,Tig Notaro,1,comedy
9501,Vetiver,1,stomp and holler
9381,Tweet,1,hip pop
9367,Tsegue-Maryam Guebrou,1,world
9368,Tune-Yards,1,art pop
755,Big Brother & The Holding Company,1,rock
9380,Tweedy,1,alternative country
9365,Troye Sivan,1,viral pop
751,Big Boi,1,southern hip hop
729,Beta Radio,1,stomp and holler
9391,Two Feet,1,indie poptimism
9323,Trails and Ways,1,shiver pop
864,Billy Stewart,1,classic soul
859,Billy Marchiafava,1,vapor trap
826,Bill Fay,1,slow core
9342,Trap Beckham,1,florida rap
9343,Travis Bretzer,1,edmonton indie
767,Big Pokey,1,houston rap
9353,Trippie Redd,1,melodic rap
756,Big Grams,1,escape room
599,Barney Artist,1,indie r&b
9465,Vains Of Jenna,1,new wave of glam metal
9468,Valerie June,1,indie folk
610,Barry White,1,soul
587,Bali Baby,1,trap queen
9461,Vacationer,1,shimmer pop
9488,Vanessa Carlton,1,dance pop
9494,Vanessa Williams,1,quiet storm
720,Best Coast,1,nu gaze
700,Ben Folds,1,indie pop
710,Berlioz,1,background music
706,Benji Hughes,1,charlotte nc indie
705,Bendik Brænne,1,norwegian americana
673,Bebi Monsuta,1,rap feminino nacional
629,Bea Miller,1,viral pop
621,Bazzi,1,post-teen pop
9455,VIP Mass Choir,1,gospel
9190,Todd Dulaney,1,praise
980,Blur,1,rock
9184,Tobi Lou,1,alternative r&b
9191,Todd Snider,1,alternative country
9174,Tino Drima,1,indie garage rock
967,Blues Traveler,1,rock
9173,Timeflies,1,tropical house
868,Billy Uomo,1,bedroom soul
9156,Timbaland,1,dance pop
9142,Tim Atlas,1,indie poptimism
9144,Tim Buckley,1,art pop
9162,Timber Timbre,1,chamber pop
912,Bleached,1,noise pop
9285,Total Giovanni,1,electronica
891,Blac Youngsta,1,southern hip hop
9272,Topic,1,german dance
9276,Toploader,1,british alternative rock
887,Björk,1,trip hop
877,Biz Markie,1,rap
9263,Tony! Toni! Toné!,1,urban contemporary
909,Blah Blah Blah,1,chicago indie
9226,Tomasz Kraal,1,focus
9230,Tones and I,1,australian pop
9231,Toni Braxton,1,dance pop
9243,Tony Joe White,1,blues
5206,M.O.P.,1,hardcore hip hop
6123,Norah Jones,1,vocal jazz
6131,Nurko,1,edm
4362,John Mayall & the Bluesbreakers,1,folk rock
4392,Johnson&Jonson,1,alternative hip hop
6110,Noah And The Whale,1,stomp and holler
4393,Jon Bellion,1,pop rap
6151,Oasis,1,permanent wave
6143,ODIE,1,alternative r&b
6140,O.A.R.,1,pop rock
6137,NxWorries,1,indie soul
4394,Jon Cleary,1,funk
4396,Jonas Brothers,1,boy band
6062,Nick Lowe,1,power pop
6068,Nick Waterhouse,1,soul
6083,Nico & Vinz,1,dance pop
4409,Jonathan Richman & The Modern Lovers,1,boston rock
4407,Jonathan Richman,1,traditional folk
6092,Nikki Lane,1,new americana
6094,Nikki Vianna,1,nyc pop
6196,Old Crow Medicine Show,1,roots rock
4328,John Hartford,1,progressive bluegrass
4330,John Lee Hooker,1,blues
6153,Oatmello,1,chillhop
6214,OneRepublic,1,pop rock
4303,John Coltrane,1,free jazz
4319,John Givez,1,christian hip hop
6209,Once Proven,1,background music
6188,Ol Dirty Bastard,1,southern hip hop
6161,Oddisee,1,sudanese pop
4353,John Lewis,1,jazz piano
6162,Oddur Klemenzson,1,background music
6157,Ocean Alley,1,australian reggae fusion
6175,Ofenbach,1,new french touch
6177,Official Pet Care Collection,1,pet calming
6178,Oketo,1,lincoln ne indie
6054,Nick Hakim,1,neo r&b
5921,Nancy Wilson,1,soul
4577,KRS-One,1,old school hip hop
4580,KYLE,1,pop
5916,Nancy Sinatra,1,vocal jazz
4560,KC & The Sunshine Band,1,disco
4551,K-Ci & JoJo,1,dance pop
5938,Nathan Salsburg,1,drone folk
5911,Nana Grizol,1,small room
4604,Kansas,1,soft rock
5891,NF,1,rap
5880,N.W.a,1,west coast rap
4590,Kamaiyah,1,west coast trap
5902,Naked Giants,1,indie garage rock
4527,Just A Gent,1,vapor twitch
5958,Neil Diamond,1,adult standards
4461,Joywave,1,indie rock
6028,New Edition,1,hip pop
4511,Junodream,1,modern dream pop
6033,New Move,1,portland indie
4445,Joy Again,1,indie pop
6039,Nicholas Britell,1,soundtrack
4440,Josh Baldwin,1,deep ccm
4435,Jorge Ben,1,samba-rock
4476,Juan Wauters,1,indie rock
5993,Neko Case,1,traditional folk
4032,Jason Isbell,1,folk
6458,Perfume Genius,1,dance pop
4038,Jason Isbell and the 400 Unit,1,alternative country
4104,Jean Knight,1,southern soul
4020,Japandroids,1,vancouver indie
6469,Pete Drake,1,steel guitar
6444,Pell,1,underground hip hop
4085,Jaylib,1,east coast hip hop
4052,Jay Electronica,1,underground hip hop
4080,Jay-Z,1,east coast hip hop
6441,Peking Duk,1,indietronica
4091,Jazz Cartier,1,canadian hip hop
4046,Jay Dee,1,alternative hip hop
4045,Jason Nelson,1,gospel
6478,Pete Townshend,1,album rock
6526,Philip Glass,1,drone
4004,Jan & Dean,1,rockabilly
4007,Jan Johansson,1,swedish jazz
6514,Phantogram,1,indietronica
6537,Phoenix,1,alternative dance
6547,Phosphorescent,1,alternative americana
6494,Peter Bjorn And John,1,dance-punk
6502,Peter Sandberg,1,background music
6506,Petit Biscuit,1,new french touch
4105,Jean Sibelius,1,classical
4280,John Butler Trio,1,banjo
4232,Joe Goddard,1,alternative dance
4226,Jodeci,1,hip pop
6289,P.O.S,1,minnesota hip hop
6278,Our Lady Peace,1,wrestling
6290,PARTYNEXTDOOR,1,pop
4214,Jimmy Buffett,1,soft rock
6313,PNAU,1,australian dance
4255,Joe Walsh,1,symphonic rock
6251,Oso Oso,1,anthem emo
4256,Joel Adams,1,australian pop
4264,Joey Pecoraro,1,chillhop
4266,Joey Purp,1,chicago rap
4278,John Andrews & The Yawns,1,psychedelic folk rock
6256,Ossie Woods,1,background music
4239,Joe Hertler,1,michigan indie
4178,Jerry Garcia Acoustic Band,1,jam band
6386,Paul Cherry,1,bedroom pop
6385,Paul & The Tall Trees,1,retro soul
6384,Patsy Cline,1,nashville sound
6382,Pataki Gisella,1,background music
6381,Pastor T.L. Barrett and the Youth for Christ Choir,1,traditional soul
4179,Jess Best,1,nyc pop
6352,Pardison Fontaine,1,trap
4180,Jess Glynne,1,dance pop
4186,Jessie J,1,dance pop
4156,Jelly-Roll Morton,1,vintage jazz
4136,Jeffrey Lewis,1,lo-fi
6325,PUP,1,canadian pop punk
6331,Palace,1,english indie rock
4201,Jim James,1,shiver pop
4195,Jhené Aiko,1,urban contemporary
6343,Panic! At The Disco,1,baroque pop
5866,N.E.R.D,1,hip hop
5865,Møme,1,tropical house
5422,Maurice Ravel,1,impressionism
5428,Max Richter,1,soundtrack
5430,Maxo Kream,1,houston rap
5419,Matty,1,neo-psychedelic
5418,Matt Duncan,1,retro soul
4964,Lightspeed Champion,1,english indie rock
4965,Lil Baby,1,atl hip hop
5011,Lil Wyte,1,trap
5440,Maxwell,1,neo soul
4957,Life Of Dillon,1,uk pop
5382,Mary J. Blige,1,neo soul
4995,Lil Uzi Vert,1,philly rap
5407,Matisyahu,1,reggae fusion
5386,Mary Ocher,1,experimental pop
5387,Mary Wells,1,brill building pop
5396,Masta Ace Incorporated,1,east coast hip hop
5403,Mating Ritual,1,indie poptimism
4955,Lianne La Havas,1,soul
5509,Men At Work,1,dance rock
5493,Melanie Adler,1,background music
4914,Lauv,1,pop
4922,Lee Brice,1,contemporary country
5517,Menomena,1,freak folk
5521,Metro Boomin,1,hip hop
5526,Metronomy,1,alternative dance
5494,Melanie Martinez,1,pop
5492,Mel Torme,1,vocal jazz
5450,Mc Solaar,1,french hip hop
5458,McCoy Tyner,1,free jazz
5465,Mean Lady,1,delaware indie
5466,Meatbodies,1,garage pop
4947,Leventina,1,progressive electro house
4932,Lenka,1,lilith
5478,Meduza,1,pop house
5019,Lilly Wood & The Prick,1,french indie pop
5163,Ludacris,1,dirty south rap
5256,Madcon,1,norwegian hip hop
5159,Lucy Dacus,1,indie pop
5258,MadeinTYO,1,atl hip hop
5246,MKTO,1,post-teen pop
5151,Loyle Carner,1,indie r&b
5274,Mae Ji-Yoon,1,chill guitar
5241,MIKA,1,pop
5215,MAX,1,pop rap
5221,MED,1,underground hip hop
5218,MC Breed,1,gangster rap
5203,M.A.G.S.,1,buffalo ny indie
5202,M. T. Hadley,1,vapor soul
5183,Luna,1,melancholia
5182,Lume,1,chicago indie
5180,Luke Combs,1,contemporary country
5227,MF Doom,1,alternative hip hop
5179,Luke Christopher,1,pop rap
5174,Lukas Graham,1,scandipop
5277,Majid Jordan,1,alternative r&b
5330,Marietta,1,midwest emo
5336,Mario,1,post-teen pop
5320,Mariah Carey,1,pop
5060,Little May,1,chamber pop
5038,Little Brother,1,southern hip hop
5030,Lionel Scardino,1,neo-classical
5029,Limp Bizkit,1,wrestling
5023,Lime Cordiale,1,australian pop
5096,Long Beach Dub Allstars,1,ska punk
5294,Man Man,1,stomp and holler
5073,Lloyd,1,pop rap
5318,Maree Docia,1,background music
5291,Mallrat,1,brisbane indie
5304,Manfred Manns Earth Band,1,album rock
5311,Mansions on the Moon,1,electronic rock
5312,Mansionz,1,pop
5315,Marcy Playground,1,alternative rock
5536,Miami Horror,1,alternative dance
5757,Morrissey,1,permanent wave
4710,Keyshia Cole,1,neo soul
4754,King Geedorah,1,alternative hip hop
4668,Kelela,1,indie soul
5781,Mother Mother,1,indie rock
4672,Kelley Stoltz,1,bay area indie
4695,Kevin Gates,1,trap
4681,Kent Jones,1,miami hip hop
4726,Kid Ink,1,dance pop
5745,Morgan Delt,1,neo-psychedelic
5706,Mndsgn,1,synth funk
4752,King Arthur,1,electro house
5711,Modern Baseball,1,pop punk
5700,Mk.gee,1,vapor soul
4741,Kikagaku Moyo,1,neo-psychedelic
5737,Moonchild,1,alternative r&b
5741,MorMor,1,canadian contemporary r&b
5836,Musiq Soulchild,1,urban contemporary
4635,Kate Bollinger,1,charlottesville indie
4639,Kazy Lambist,1,french indie pop
5825,Muddy Waters,1,blues rock
4632,Kaskade,1,vocal house
5854,MyKey,1,bedroom pop
4621,Karl Blau,1,freak folk
5785,Mothica,1,electropop
5793,Mott The Hoople,1,blues rock
5823,Mtbrd,1,chillhop
4660,KeithCharles Spacebar,1,underground hip hop
4659,Keith Jarrett,1,jazz trio
5811,Moxas,1,meme rap
4882,Lapalux,1,vapor twitch
5589,Middle Kids,1,australian indie
4884,Latium,1,white noise
4885,Laurel Halo,1,ambient
5604,Miike Snow,1,dance-punk
4853,Lady Wray,1,soul
4861,Lalić,1,neo-psychedelic
4863,Lambert,1,compositional ambient
5551,Michael Blume,1,nyc pop
5562,Michael Nau,1,alternative country
5663,Miniature Tigers,1,indie pop
5674,Miranda Cosgrove,1,post-teen pop
4783,Klaatu,1,album rock
5662,Milo Edale,1,background music
4801,Kungs,1,new french touch
4798,Koresma,1,vapor twitch
4772,King Tuff,1,noise pop
5683,MisterWives,1,electropop
4760,King Harvest,1,soft rock
5622,Mikal Cronin,1,modern power pop
5628,Mike Jones,1,pop rap
4817,Kylian Rebour,1,focus
5617,Miink,1,uk contemporary r&b
5632,Mike Posner,1,dance pop
5635,Mike Stud,1,indie pop rap
4850,Lady Gaga,1,post-teen pop
4843,La Luz,1,indie surf
4819,LA Priest,1,new rave
3033,Fox Stevenson,1,electro house
3018,Forth Wanderers,1,indie rock
3020,Four Mints,1,traditional soul
3034,Foxwarren,1,indie folk
3036,Foxy Brown,1,east coast hip hop
3015,Foo Fighters,1,rock
3132,French Montana,1,trap
2981,Florist,1,chamber pop
7457,Ski Mask The Slump God,1,underground hip hop
2974,Florence + The Machine,1,uk alternative pop
3055,Francesca Battistelli,1,anthem worship
3123,Freeway,1,hardcore hip hop
3117,Freedom Fry,1,indie folk
3115,Free Throw,1,pop punk
7385,Shin,1,mandopop
7387,Shintaro Sakamoto,1,j-rock
3101,Franz Liszt,1,late romantic era
3099,Frankie and the Witch Fingers,1,neo-psychedelic
3060,Francis And The Lights,1,alternative r&b
7458,Skizzy Mars,1,deep underground hip hop
2903,Feverkin,1,chillstep
2891,Felix Jaehn,1,tropical house
7513,Slum Village,1,neo soul
2914,Filter,1,post-grunge
2880,Fear,1,skate punk
2859,Fats Domino,1,soul
2963,Fleur East,1,uk pop
2943,Flamingosis,1,future funk
2944,Flatbush Zombies,1,hip hop
2947,Fleece,1,psychedelic pop
7470,Slakah The Beatchild,1,neo soul
7495,Slow Hollows,1,indie garage rock
7478,Slaughterhouse,1,hip hop
2941,Flaming Lips,1,rock
7492,Sleep Baby Sleep,1,sleep
3133,Friends in America,1,scottish indie
3299,Gillian Welch,1,folk
7257,Sam Lachow,1,indie pop rap
3283,George Thorogood & The Destroyers,1,rock
7259,Samm Henshaw,1,british soul
3148,Fugazi,1,alternative rock
7275,Sarah Geronimo,1,opm
7266,Sampha,1,indie soul
7263,Sammy Adams,1,pop rap
7208,SWV,1,neo soul
3321,Girls,1,indie pop
7217,Sa4,1,deep german hip hop
3316,Gin Blossoms,1,rock
7224,Sabrina Carpenter,1,dance pop
3253,Gene Ammons,1,vocal jazz
7331,Sexy Girls,1,indie garage rock
3182,GAMPER & DADONI,1,deep house
7329,Sebastien,1,tropical house
7321,Sean Leon,1,toronto rap
7327,Sean Paul,1,pop rap
7341,Shakira,1,colombian pop
7352,Shannon and the Clams,1,bay area indie
3232,Gang Starr,1,rap
7293,Satin Jackets,1,alternative dance
7292,Sashamon,1,reggae rock
3192,Gabriel Rios,1,belgian pop
7300,Savant,1,brostep
3225,Gallant,1,indie r&b
2841,Fat Tony,1,houston rap
3337,Glee Cast,1,glee club
2649,Elliot Ziegler,1,background music
2635,Ella Vos,1,indie electropop
2633,Ella Mai,1,urban contemporary
2663,Elohim,1,edm
2747,Ethan Gruska,1,indie folk
2590,Ekali,1,electropop
2578,Editors,1,rock
2715,Eric Church,1,country road
2707,Empire Of The Sun,1,neo-synthpop
2712,Equatics,1,funk
7739,Starley,1,tropical house
7707,Spongebob Squarepants,1,children's music
2738,Escape The Fate,1,alternative metal
7726,St. South,1,vapor soul
2700,Emotional Oranges,1,indie r&b
2698,Emma Sameth,1,la pop
2673,Elsa Enestam,1,background music
7736,Standing On The Corner,1,collage pop
2522,E-40,1,hyphy
7838,Stevie Ray Vaughan & Double Trouble,1,classic rock
7834,Steven Windhaug,1,background music
2535,EPMD,1,hardcore hip hop
2518,Dyme-A-Duzin,1,nyc rap
7849,Still Corners,1,chillwave
2555,Earth Wind & Fire,1,funk
2543,Eagles,1,heartland rock
2566,Easy Life,1,leicester indie
7809,Steriogram,1,kiwi rock
7812,Steve Aoki,1,big room
7817,Steve Goodman,1,country rock
7544,Smif-n-Wessun,1,alternative hip hop
2774,Explosions in the Sky,1,compositional ambient
7605,Solange,1,escape room
2778,Extrawelt,1,electronica
7592,Soaked Oats,1,nz indie
2755,Europe,1,album rock
7617,Solomon Burke,1,soul blues
7622,Son Little,1,soul
2798,FINNEAS,1,la indie
7570,Snakehips,1,indie poptimism
2822,Family of the Year,1,stomp and holler
2795,FIDLAR,1,noise pop
2790,F.L.Y. (Fast Life Yungstaz),1,atl hip hop
7579,Sneaky Pete Kleinow,1,steel guitar
7580,Snoh Aalegra,1,alternative r&b
2789,Ezra Furman,1,transpop
2771,Evolfo,1,neo-psychedelic
2770,Everything Everything,1,shimmer pop
7670,Sorcha Richardson,1,deep euro house
7676,Spacey Jane,1,perth indie
7669,Soothing White Noise,1,white noise
7661,Sonny Rollins,1,contemporary post-bop
7677,Sparklehorse,1,alternative rock
7687,Spencer.,1,bedroom pop
7689,Spillage Village,1,underground hip hop
7635,Songs: Ohia,1,lo-fi
7641,Sonic Youth,1,blues rock
6768,R3hab,1,dance pop
3806,Interpol,1,new rave
6766,R3HAB,1,tropical house
6719,Purple Mountains,1,modern power pop
3796,Inter Arma,1,post-metal
6795,Ra Ra Riot,1,electropop
6792,ROSALÍA,1,r&b en espanol
3818,Iron & Wine,1,acoustic pop
3829,Isaac Hayes,1,motown
6734,Quantic,1,downtempo
3836,IshDARR,1,deep underground hip hop
3839,Israel Kamakawiwoole,1,hawaiian
6745,Queen Latifah,1,conscious hip hop
6851,Rainbow Kitten Surprise,1,indie folk
3677,Hinds,1,indie surf
3714,Hopsin,1,conscious hip hop
3697,Hollow Coves,1,chamber pop
3711,Hope Tala,1,alternative r&b
3670,Hi-Fi Camp,1,white noise
3648,Herb Alpert & The Tijuana Brass,1,lounge
6868,Rand Aldo,1,background music
6871,Randy Newman,1,disney
6874,Raphael Saadiq,1,funk
3645,Her,1,new french touch
6807,Radiator Hospital,1,folk punk
6805,Radiation City,1,shimmer pop
3781,Inayah,1,trap queen
3779,In The Valley Below,1,indie rock
3778,Imagine Dragons,1,rock
6825,Radkey,1,missouri indie
3749,Hovvdy,1,small room
3719,Hospitality,1,stomp pop
3897,Jack Harlow,1,hip hop
3891,Jaakko Eino Kalevi,1,experimental pop
3894,Jaala,1,melbourne indie
3895,Jacco Wynia,1,neo-classical
3889,JJ Grey & Mofro,1,roots rock
6597,Polo G,1,chicago rap
6592,Plums,1,indie garage rock
6591,Playboi Carti,1,trap
3890,JPB,1,gaming edm
3872,JAWNY,1,bedroom pop
6637,Pretenders,1,dance rock
3870,JACKBOYS,1,rap
3878,JC Brooks & The Uptown Sound,1,chicago indie
3988,Jamestown Revival,1,stomp and holler
3994,Jamila Woods,1,afrofuturism
6587,Placebo,1,rock
6559,Pickwick,1,seattle indie
3971,James Brown & The Famous Flames,1,soul
3957,Jamaican Queens,1,glitch pop
3954,Jake Bugg,1,nottingham indie
3936,Jacob Latimore,1,indie r&b
3933,Jaco Pastorius,1,jazz fusion
3846,Ivan & Alyosha,1,folk-pop
3840,It Looks Sad,1,alternative emo
3845,Ituana,1,coverchill
6684,Pulp,1,dance rock
6700,Purity Ring,1,art pop
6664,Prince & The Revolution,1,motown
3854,J. Balvin,1,reggaeton
6666,ProleteR,1,electro swing
6668,Protomartyr,1,chamber psych
3852,J Fernandez,1,psychedelic pop
6884,Rationale,1,indie r&b
7094,Rosie Carney,1,chamber pop
7100,Ross From Friends,1,float house
3414,Gramatik,1,slovenian electronic
7092,Ronny J,1,vapor trap
7087,Ron Gallo,1,garage rock
7103,Roy Ayers,1,funk
7050,Rod Stewart,1,adult standards
7112,Roy Hargrove,1,hard bop
7118,Roy Irwin,1,auckland indie
3450,Great Good Fine OK,1,dance pop
3482,Grimes,1,art pop
7065,Roger Waters,1,rock
3468,Green Day,1,punk
3466,Great Lake Swimmers,1,toronto indie
7079,Roman Nadler,1,background music
7120,Roy Orbison,1,adult standards
7165,SABA,1,underground hip hop
3373,Gordon Lightfoot,1,classic rock
7156,Ryuichi Sakamoto,1,anime score
7161,RÜFÜS DU SOL,1,indietronica
3358,Golden Vessel,1,vapor twitch
7188,SOL,1,indie pop rap
7189,SONS,1,belgian indie
7136,Running Touch,1,australian indie
7134,Rune RK,1,danish electronic
3398,Govt Mule,1,southern rock
7147,Rusted Root,1,jam band
7049,Rockie Fresh,1,underground hip hop
6940,Reo Speedwagon,1,classic rock
3602,Hamilton Leithauser,1,chamber pop
6935,Reflection Eternal,1,hip hop
3587,HNNY,1,swedish synthpop
6965,Rich The Kid,1,trap
3589,Hailu Mergia,1,afrobeat
6952,Reversible,1,background music
3607,Hamilton Leithauser + Rostam,1,ambient folk
3639,Heems,1,escape room
3629,Hatchie,1,brisbane indie
3630,Hayden James,1,aussietronica
3640,Helen Jane Long,1,new age piano
3608,Happyness,1,english indie rock
3641,Helena Deland,1,indie quebecois
6889,Ravyn Lenae,1,indie soul
3625,Harry Bergqvist,1,background music
3615,Hardline,1,sleaze rock
6918,Red Garland,1,bebop
7024,Robert Johnson,1,blues rock
7030,Roberta Flack,1,funk
7015,Robert Earl Keen,1,outlaw country
7021,Robert Glasper Experiment,1,neo soul
7040,Robin Thicke,1,dance pop
3549,Guts,1,bboy
6983,Rick Springfield,1,dance rock
3537,Guerilla Black,1,west coast rap
3492,Grip Grand,1,underground rap
3569,Gypsy Jazz Caravan,1,gypsy jazz
6990,Riff Raff,1,trap
6992,Righeira,1,italian disco
6999,Ringo Starr,1,album rock
